"Group","Mean_Log2FoldChange","Median_Log2FoldChange","Std_Log2FoldChange","Min_Log2FoldChange","Max_Log2FoldChange","P_value_Wilcoxon"
"Upregulated",0.02289370756828,2.55903026997837e-08,0.161498790448621,8.05657511533354e-10,2.33913530883253,2.05482636813575e-256
"Downregulated",-0.0419641471554018,-3.64127312635887e-07,0.470118583980819,-8.50009489125585,-3.55962723656272e-10,2.05482636813575e-256
