Test,X_Squared_Value,p_Value,p_adj
chi_10v100_2k,0,1,1
chi_10v1000_2k,0,1,1
chi_10v1980_2k,0,1,1
chi_100v1000_2k,0,1,1
chi_100v1980_2k,0,1,1
chi_1000v1980_2k,0,1,1
chi_10v100_3k,0,1,1
chi_10v1000_3k,0,1,1
chi_10v1980_3k,0,1,1
chi_100v1000_3k,0,1,1
chi_100v1980_3k,0,1,1
chi_1000v1980_3k,0,1,1
chi_groupsv2k,0.009608761537401821,0.9219130051833619,1
chi_groupsv3k,1.8736839563411574,0.3918633965274699,1
